{"cameraMode":{"drawMode":0,"name":"Shaded","section":"Shading Mode"},"sceneLighting":false,"audioPlay":false,"sceneViewState":{"showFog":true,"showMaterialUpdate":false,"showSkybox":false,"showFlares":true,"showImageEffects":true,"showParticleSystems":true},"in2DMode":false,"pivot":{"x":0.8409104347229004,"y":0.13567590713500977,"z":0.757084846496582},"rotation":{"x":0.14118461310863496,"y":-0.5041059851646423,"z":0.08394069224596024,"w":0.8478853702545166},"size":6.527799606323242,"orthographic":false}