{"cameraMode":{"drawMode":0,"name":"Shaded","section":"Shading Mode"},"sceneLighting":false,"audioPlay":false,"sceneViewState":{"showFog":true,"showMaterialUpdate":false,"showSkybox":false,"showFlares":true,"showImageEffects":true,"showParticleSystems":true},"in2DMode":false,"pivot":{"x":0.0008540078997612,"y":0.17101407051086427,"z":-0.025248579680919648},"rotation":{"x":0.28601348400115969,"y":-0.09779170155525208,"z":0.029301010072231294,"w":0.952868640422821},"size":0.6703875064849854,"orthographic":false}