{"cameraMode":{"drawMode":0,"name":"Shaded","section":"Shading Mode"},"sceneLighting":true,"audioPlay":false,"sceneViewState":{"showFog":true,"showMaterialUpdate":false,"showSkybox":true,"showFlares":true,"showImageEffects":true,"showParticleSystems":true},"in2DMode":false,"pivot":{"x":0.698822021484375,"y":1.177886962890625,"z":-11.327978134155274},"rotation":{"x":0.21918025612831117,"y":-0.22815962135791779,"z":0.052817393094301227,"w":0.9472031593322754},"size":14.990171432495118,"orthographic":false}