{"cameraMode":{"drawMode":0,"name":"Shaded","section":"Shading Mode"},"sceneLighting":true,"audioPlay":false,"sceneViewState":{"showFog":true,"showMaterialUpdate":false,"showSkybox":true,"showFlares":true,"showImageEffects":true,"showParticleSystems":true},"in2DMode":false,"pivot":{"x":0.989336371421814,"y":-4.479365825653076,"z":-18.21047019958496},"rotation":{"x":-0.09478616714477539,"y":-0.8503559231758118,"z":0.4917604923248291,"w":-0.1629703938961029},"size":14.628640174865723,"orthographic":false}