{"cameraMode":{"drawMode":0,"name":"Shaded","section":"Shading Mode"},"sceneLighting":true,"audioPlay":false,"sceneViewState":{"showFog":true,"showMaterialUpdate":false,"showSkybox":true,"showFlares":true,"showImageEffects":true,"showParticleSystems":true},"in2DMode":false,"pivot":{"x":344.2179870605469,"y":0.5158195495605469,"z":67.88558959960938},"rotation":{"x":0.311960369348526,"y":-0.02932627871632576,"z":0.009656376205384732,"w":0.9496344327926636},"size":81.62837219238281,"orthographic":false}