{"cameraMode":{"drawMode":0,"name":"Shaded","section":"Shading Mode"},"sceneLighting":false,"audioPlay":false,"sceneViewState":{"showFog":true,"showMaterialUpdate":false,"showSkybox":false,"showFlares":true,"showImageEffects":true,"showParticleSystems":true},"in2DMode":false,"pivot":{"x":0.859000027179718,"y":0.08802245557308197,"z":-8.888461112976075},"rotation":{"x":-0.22600746154785157,"y":-0.016383513808250428,"z":0.004205847624689341,"w":-0.9740745425224304},"size":0.4240427613258362,"orthographic":false}