{"cameraMode":{"drawMode":0,"name":"Shaded","section":"Shading Mode"},"sceneLighting":false,"audioPlay":false,"sceneViewState":{"showFog":true,"showMaterialUpdate":false,"showSkybox":false,"showFlares":true,"showImageEffects":true,"showParticleSystems":true},"in2DMode":false,"pivot":{"x":2.344554901123047,"y":-16.389530181884767,"z":-12.377018928527832},"rotation":{"x":0.11502674967050553,"y":0.7527098059654236,"z":-0.13722778856754304,"w":0.6337873935699463},"size":85.3481674194336,"orthographic":false}