{"cameraMode":{"drawMode":0,"name":"Shaded","section":"Shading Mode"},"sceneLighting":false,"audioPlay":false,"sceneViewState":{"showFog":true,"showMaterialUpdate":false,"showSkybox":false,"showFlares":true,"showImageEffects":true,"showParticleSystems":true},"in2DMode":false,"pivot":{"x":5.001335144042969,"y":0.8390301465988159,"z":4.993384838104248},"rotation":{"x":0.14519211649894715,"y":0.03708759322762489,"z":-0.005446514580398798,"w":0.9886987209320068},"size":3.9590048789978029,"orthographic":false}