{"cameraMode":{"drawMode":0,"name":"Shaded","section":"Shading Mode"},"sceneLighting":false,"audioPlay":false,"sceneViewState":{"showFog":true,"showMaterialUpdate":false,"showSkybox":false,"showFlares":true,"showImageEffects":true,"showParticleSystems":true},"in2DMode":false,"pivot":{"x":-1.7134816646575928,"y":-0.495787650346756,"z":-2.162968158721924},"rotation":{"x":-0.0358644537627697,"y":0.9379991292953491,"z":-0.10324478894472122,"w":-0.3293285369873047},"size":4.119176864624023,"orthographic":false}