{"cameraMode":{"drawMode":0,"name":"Shaded","section":"Shading Mode"},"sceneLighting":false,"audioPlay":false,"sceneViewState":{"showFog":true,"showMaterialUpdate":false,"showSkybox":false,"showFlares":true,"showImageEffects":true,"showParticleSystems":true},"in2DMode":false,"pivot":{"x":-1.1800000667572022,"y":2.619999885559082,"z":-0.6799997091293335},"rotation":{"x":-0.0015391649212688208,"y":-0.08348669111728668,"z":0.00041599158430472016,"w":0.9966305494308472},"size":7.239346504211426,"orthographic":false}