{"cameraMode":{"drawMode":0,"name":"Shaded","section":"Shading Mode"},"sceneLighting":false,"audioPlay":false,"sceneViewState":{"showFog":true,"showMaterialUpdate":false,"showSkybox":false,"showFlares":true,"showImageEffects":true,"showParticleSystems":true},"in2DMode":false,"pivot":{"x":-0.0013346672058105469,"y":0.1640300452709198,"z":0.0066152215003967289},"rotation":{"x":-0.14231762290000916,"y":0.3290136158466339,"z":-0.050230395048856738,"w":-0.9321920871734619},"size":3.95900559425354,"orthographic":false}