{"cameraMode":{"drawMode":0,"name":"Shaded","section":"Shading Mode"},"sceneLighting":true,"audioPlay":false,"sceneViewState":{"showFog":true,"showMaterialUpdate":false,"showSkybox":true,"showFlares":true,"showImageEffects":true,"showParticleSystems":true},"in2DMode":false,"pivot":{"x":1.4915189743041993,"y":0.35112571716308596,"z":-7.855628967285156},"rotation":{"x":-0.2432914525270462,"y":-0.09411744028329849,"z":0.023706752806901933,"w":-0.965278685092926},"size":5.979008197784424,"orthographic":false}