{"cameraMode":{"drawMode":0,"name":"Shaded","section":"Shading Mode"},"sceneLighting":true,"audioPlay":false,"sceneViewState":{"showFog":true,"showMaterialUpdate":false,"showSkybox":false,"showFlares":true,"showImageEffects":true,"showParticleSystems":true},"in2DMode":false,"pivot":{"x":1.3859663009643555,"y":5.391483306884766,"z":-0.4597816467285156},"rotation":{"x":-0.09757248312234879,"y":-0.3277071714401245,"z":0.03399770334362984,"w":-0.9392115473747253},"size":19.90251922607422,"orthographic":false}