{"cameraMode":{"drawMode":0,"name":"Shaded","section":"Shading Mode"},"sceneLighting":true,"audioPlay":false,"sceneViewState":{"showFog":true,"showMaterialUpdate":false,"showSkybox":false,"showFlares":true,"showImageEffects":true,"showParticleSystems":true},"in2DMode":false,"pivot":{"x":-4.930999755859375,"y":2.2100000381469728,"z":-3.7299997806549074},"rotation":{"x":-0.0309571735560894,"y":-0.9437719583511353,"z":0.315475195646286,"w":-0.09565262496471405},"size":40.010372161865237,"orthographic":false}