{"cameraMode":{"drawMode":0,"name":"Shaded","section":"Shading Mode"},"sceneLighting":false,"audioPlay":false,"sceneViewState":{"showFog":true,"showMaterialUpdate":false,"showSkybox":false,"showFlares":true,"showImageEffects":true,"showParticleSystems":true},"in2DMode":false,"pivot":{"x":-3.619999885559082,"y":1.350000023841858,"z":13.329999923706055},"rotation":{"x":0.015523414127528668,"y":0.9747626781463623,"z":-0.2108224630355835,"w":0.07177437841892243},"size":5.4277448654174809,"orthographic":false}