{"cameraMode":{"drawMode":0,"name":"Shaded","section":"Shading Mode"},"sceneLighting":false,"audioPlay":false,"sceneViewState":{"showFog":true,"showMaterialUpdate":false,"showSkybox":false,"showFlares":true,"showImageEffects":true,"showParticleSystems":true},"in2DMode":false,"pivot":{"x":1882.4945068359375,"y":832.4730834960938,"z":-270.6598205566406},"rotation":{"x":-0.05158168077468872,"y":0.8959138989448547,"z":-0.4278147518634796,"w":-0.10802943259477616},"size":60.01556396484375,"orthographic":false}