{"cameraMode":{"drawMode":0,"name":"Shaded","section":"Shading Mode"},"sceneLighting":true,"audioPlay":false,"sceneViewState":{"showFog":true,"showMaterialUpdate":false,"showSkybox":true,"showFlares":true,"showImageEffects":true,"showParticleSystems":true},"in2DMode":false,"pivot":{"x":8.12063217163086,"y":-41.697940826416019,"z":-24.238441467285158},"rotation":{"x":0.01061027031391859,"y":-0.9372697472572327,"z":0.34795495867729189,"w":0.026263268664479257},"size":107.96336364746094,"orthographic":false}