{"cameraMode":{"drawMode":0,"name":"Shaded","section":"Shading Mode"},"sceneLighting":false,"audioPlay":false,"sceneViewState":{"showFog":true,"showMaterialUpdate":false,"showSkybox":false,"showFlares":true,"showImageEffects":true,"showParticleSystems":true},"in2DMode":false,"pivot":{"x":1.4907314777374268,"y":0.08713828027248383,"z":-8.895586967468262},"rotation":{"x":-0.28079357743263247,"y":0.11028013378381729,"z":-0.03207221254706383,"w":-0.9529709219932556},"size":0.4396500587463379,"orthographic":false}